"Date operation";"Date valeur";"Libelle";"Debit";"Credit"
"28/03/2026";"28/03/2026";"VIR de COMPTE PERSO";"";"900,00"
"01/04/2026";"01/04/2026";"CARTE LIDL";"32,57";""
"03/04/2026";"03/04/2026";"CARTE KIABI";"52,36";""
"05/04/2026";"05/04/2026";"CARTE LIDL";"63,63";""
"07/04/2026";"07/04/2026";"CARTE MARCHE DU SAMEDI";"28,64";""
"09/04/2026";"09/04/2026";"CARTE PHARMACIE";"28,72";""
"11/04/2026";"11/04/2026";"CARTE KIABI";"62,12";""
"13/04/2026";"13/04/2026";"CARTE TOTALENERGIES";"71,29";""
"15/04/2026";"15/04/2026";"CARTE MARCHE DU SAMEDI";"23,23";""
"17/04/2026";"17/04/2026";"CARTE LECLERC";"97,56";""
"19/04/2026";"19/04/2026";"CARTE LIDL";"30,80";""
"21/04/2026";"21/04/2026";"CARTE LIDL";"39,73";""
"23/04/2026";"23/04/2026";"CARTE LIBRAIRIE DU CENTRE";"18,79";""
"28/04/2026";"28/04/2026";"VIR de COMPTE PERSO";"";"900,00"
"01/05/2026";"01/05/2026";"CARTE SNCF";"38,92";""
"03/05/2026";"03/05/2026";"CARTE IRISH PUB";"28,69";""
"05/05/2026";"05/05/2026";"CARTE SNCF";"92,46";""
"07/05/2026";"07/05/2026";"CARTE KIABI";"51,89";""
"09/05/2026";"09/05/2026";"CARTE SNCF";"28,07";""
"11/05/2026";"11/05/2026";"CARTE KIABI";"34,61";""
"13/05/2026";"13/05/2026";"CARTE TOTALENERGIES";"49,93";""
"15/05/2026";"15/05/2026";"CARTE LIBRAIRIE DU CENTRE";"23,49";""
"17/05/2026";"17/05/2026";"CARTE MARCHE DU SAMEDI";"19,27";""
"19/05/2026";"19/05/2026";"CARTE SNCF";"52,72";""
"21/05/2026";"21/05/2026";"CARTE PHARMACIE";"8,63";""
"23/05/2026";"23/05/2026";"CARTE MARCHE DU SAMEDI";"26,63";""
"28/05/2026";"28/05/2026";"VIR de COMPTE PERSO";"";"900,00"
"01/06/2026";"01/06/2026";"CARTE LIDL";"38,40";""
"03/06/2026";"03/06/2026";"CARTE MARCHE DU SAMEDI";"36,26";""
"05/06/2026";"05/06/2026";"CARTE PHARMACIE";"32,59";""
"07/06/2026";"07/06/2026";"CARTE IRISH PUB";"52,53";""
"09/06/2026";"09/06/2026";"CARTE MARCHE DU SAMEDI";"37,79";""
"11/06/2026";"11/06/2026";"CARTE TOTALENERGIES";"62,95";""
"13/06/2026";"13/06/2026";"CARTE LECLERC";"93,31";""
"15/06/2026";"15/06/2026";"CARTE BOULANGERIE";"10,36";""
"17/06/2026";"17/06/2026";"CARTE KIABI";"64,34";""
"19/06/2026";"19/06/2026";"CARTE LIDL";"54,45";""
"21/06/2026";"21/06/2026";"CARTE PHARMACIE";"19,63";""
"23/06/2026";"23/06/2026";"CARTE TOTALENERGIES";"75,95";""
"28/06/2026";"28/06/2026";"VIR de COMPTE PERSO";"";"900,00"
"01/07/2026";"01/07/2026";"CARTE LIDL";"49,47";""
"03/07/2026";"03/07/2026";"CARTE TOTALENERGIES";"68,60";""
"05/07/2026";"05/07/2026";"CARTE KIABI";"32,55";""
"07/07/2026";"07/07/2026";"CARTE PHARMACIE";"25,42";""
"09/07/2026";"09/07/2026";"CARTE IRISH PUB";"38,31";""
"11/07/2026";"11/07/2026";"CARTE LIBRAIRIE DU CENTRE";"19,04";""
"13/07/2026";"13/07/2026";"CARTE TOTALENERGIES";"73,17";""
"15/07/2026";"15/07/2026";"CARTE PHARMACIE";"18,56";""
"17/07/2026";"17/07/2026";"CARTE IRISH PUB";"51,93";""
"18/07/2026";"18/07/2026";"CARTE DECATHLON";"189,90";""
"19/07/2026";"19/07/2026";"CARTE LECLERC";"33,64";""
"21/07/2026";"21/07/2026";"CARTE LIBRAIRIE DU CENTRE";"27,40";""
"23/07/2026";"23/07/2026";"CARTE TOTALENERGIES";"73,12";""
"28/07/2026";"28/07/2026";"VIR de COMPTE PERSO";"";"900,00"
"01/08/2026";"01/08/2026";"CARTE TOTALENERGIES";"57,60";""
"03/08/2026";"03/08/2026";"CARTE PIZZA";"22,80";""
"05/08/2026";"05/08/2026";"CARTE TOTALENERGIES";"61,33";""
"07/08/2026";"07/08/2026";"CARTE TOTALENERGIES";"73,28";""
"09/08/2026";"09/08/2026";"CARTE KIABI";"53,19";""
"11/08/2026";"11/08/2026";"CARTE LECLERC";"121,45";""
"13/08/2026";"13/08/2026";"CARTE SNCF";"61,19";""
"15/08/2026";"15/08/2026";"CARTE LIDL";"39,11";""
"17/08/2026";"17/08/2026";"CARTE KIABI";"32,94";""
"19/08/2026";"19/08/2026";"CARTE BOULANGERIE";"11,71";""
"21/08/2026";"21/08/2026";"CARTE TOTALENERGIES";"77,90";""
"23/08/2026";"23/08/2026";"CARTE LIBRAIRIE DU CENTRE";"13,86";""
"28/08/2026";"28/08/2026";"VIR de COMPTE PERSO";"";"900,00"
"01/09/2026";"01/09/2026";"CARTE TOTALENERGIES";"57,95";""
"03/09/2026";"03/09/2026";"CARTE PIZZA";"37,43";""
"05/09/2026";"05/09/2026";"CARTE PHARMACIE";"10,24";""
"07/09/2026";"07/09/2026";"CARTE LECLERC";"40,14";""
"09/09/2026";"09/09/2026";"CARTE TOTALENERGIES";"65,32";""
"11/09/2026";"11/09/2026";"CARTE LIDL";"48,56";""
"13/09/2026";"13/09/2026";"CARTE PIZZA";"22,44";""
"15/09/2026";"15/09/2026";"CARTE MARCHE DU SAMEDI";"11,34";""
"17/09/2026";"17/09/2026";"CARTE KIABI";"67,82";""
"19/09/2026";"19/09/2026";"CARTE LIBRAIRIE DU CENTRE";"24,67";""
"21/09/2026";"21/09/2026";"CARTE SNCF";"33,93";""
"23/09/2026";"23/09/2026";"CARTE SNCF";"79,81";""
